cycle_start,spot_start,strike,iv_used_pct,premium_collected,cycle_end,spot_end,called_away
2023-09-08,393.62,413.3,20.0,273.24,2023-10-09,383.35,False
2023-10-09,383.35,402.52,13.0,74.9,2023-11-08,387.67,False
2023-11-08,387.67,407.06,14.0,97.48,2023-12-08,408.18,True
2023-12-08,408.18,428.59,10.6,35.26,2024-01-08,422.67,False
2024-01-08,422.67,443.8,9.6,22.28,2024-02-07,443.63,False
2024-02-07,443.63,465.81,10.7,39.01,2024-03-08,455.87,False
2024-03-08,455.87,478.67,12.7,82.25,2024-04-08,463.45,False
2024-04-08,463.45,486.63,9.8,27.08,2024-05-08,462.23,False
2024-05-08,462.23,485.34,13.1,92.16,2024-06-07,477.18,False
2024-06-07,477.18,501.04,10.4,37.55,2024-07-08,497.93,False
2024-07-08,497.93,522.83,7.5,6.22,2024-08-07,465.03,False
2024-08-07,465.03,488.28,16.8,205.94,2024-09-06,484.58,False
2024-09-06,484.58,508.8,19.2,305.42,2024-10-07,510.82,True
2024-10-07,510.82,536.36,12.5,87.48,2024-11-06,531.75,False
2024-11-06,531.75,558.34,12.7,95.78,2024-12-06,546.94,False
2024-12-06,546.94,574.29,11.8,74.69,2025-01-06,537.65,False
2025-01-06,537.65,564.53,13.0,104.81,2025-02-05,545.55,False
2025-02-05,545.55,572.83,13.5,120.77,2025-03-07,519.92,False
2025-03-07,519.92,545.91,14.6,148.91,2025-04-07,456.74,False
2025-04-07,456.74,479.58,28.2,663.96,2025-05-07,508.31,True
2025-05-07,508.31,533.72,40.8,1406.88,2025-06-06,542.56,True
2025-06-06,542.56,569.69,14.5,152.6,2025-07-07,563.95,False
2025-07-07,563.95,592.15,11.0,57.98,2025-08-06,574.85,False
2025-08-06,574.85,603.59,9.5,28.73,2025-09-05,588.02,False
2025-09-05,588.02,617.42,10.7,53.14,2025-10-06,611.94,False
2025-10-06,611.94,642.54,6.6,2.89,2025-11-05,617.35,False
2025-11-05,617.35,648.22,12.7,110.8,2025-12-05,624.9,False
2025-12-05,624.9,656.15,13.3,131.08,2026-01-05,628.64,False
2026-01-05,628.64,660.07,10.7,57.39,2026-02-04,627.1,False
2026-02-04,627.1,658.45,9.7,35.16,2026-03-06,614.69,False
2026-03-06,614.69,645.43,12.1,90.67,2026-04-06,603.91,False
2026-04-06,603.91,634.11,16.4,247.8,2026-05-06,672.7,True
2026-05-06,672.7,706.34,15.7,242.19,2026-06-05,676.03,False
2026-06-05,676.03,709.83,12.3,107.13,2026-07-06,690.62,False
2026-07-06,690.62,725.15,15.2,224.94,2026-08-05,707.6,False
2026-08-05,707.6,742.98,13.2,145.03,2026-09-04,708.01,False
