cycle_start,spot_start,strike,iv_used_pct,premium_collected,cycle_end,spot_end,intrinsic_loss,put_expired_itm
2023-09-12,394.08,354.68,20.0,24.9,2023-10-12,384.63,0.0,False
2023-10-12,384.63,346.17,12.8,0.61,2023-11-13,390.36,0.0,False
2023-11-13,390.36,351.32,14.7,2.68,2023-12-13,417.41,0.0,False
2023-12-13,417.41,375.67,10.4,0.05,2024-01-12,424.47,0.0,False
2024-01-12,424.47,382.03,9.7,0.01,2024-02-12,446.25,0.0,False
2024-02-12,446.25,401.62,10.7,0.07,2024-03-13,459.67,0.0,False
2024-03-13,459.67,413.7,12.9,0.83,2024-04-12,456.54,0.0,False
2024-04-12,456.54,410.89,11.1,0.13,2024-05-13,465.49,0.0,False
2024-05-13,465.49,418.94,12.9,0.86,2024-06-12,483.83,0.0,False
2024-06-12,483.83,435.45,8.8,0.0,2024-07-12,502.05,0.0,False
2024-07-12,502.05,451.85,7.5,0.0,2024-08-12,478.17,0.0,False
2024-08-12,478.17,430.35,18.3,17.49,2024-09-11,497.08,0.0,False
2024-09-11,497.08,447.38,19.4,26.23,2024-10-11,521.39,0.0,False
2024-10-11,521.39,469.25,12.8,0.88,2024-11-11,538.7,0.0,False
2024-11-11,538.7,484.83,12.8,0.9,2024-12-11,546.66,0.0,False
2024-12-11,546.66,491.99,12.2,0.5,2025-01-10,524.22,0.0,False
2025-01-10,524.22,471.79,14.0,2.16,2025-02-10,546.07,0.0,False
2025-02-10,546.07,491.47,13.2,1.25,2025-03-12,504.45,0.0,False
2025-03-12,504.45,454.01,15.8,6.27,2025-04-11,483.33,0.0,False
2025-04-11,483.33,435.0,40.4,502.04,2025-05-12,528.03,0.0,False
2025-05-12,528.03,475.23,41.3,583.58,2025-06-11,544.72,0.0,False
2025-06-11,544.72,490.25,14.5,3.2,2025-07-11,566.53,0.0,False
2025-07-11,566.53,509.88,9.2,0.01,2025-08-11,577.72,0.0,False
2025-08-11,577.72,519.95,9.5,0.01,2025-09-10,592.68,0.0,False
2025-09-10,592.68,533.41,10.7,0.09,2025-10-10,595.2,0.0,False
2025-10-10,595.2,535.68,10.7,0.09,2025-11-10,620.93,0.0,False
2025-11-10,620.93,558.84,13.6,2.02,2025-12-10,626.57,0.0,False
2025-12-10,626.57,563.91,12.8,1.0,2026-01-09,634.45,0.0,False
2026-01-09,634.45,571.01,8.4,0.0,2026-02-09,634.37,0.0,False
2026-02-09,634.37,570.94,11.6,0.33,2026-03-11,618.27,0.0,False
2026-03-11,618.27,556.44,12.2,0.56,2026-04-10,622.79,0.0,False
2026-04-10,622.79,560.51,17.6,17.07,2026-05-11,677.55,0.0,False
2026-05-11,677.55,609.79,13.0,1.28,2026-06-10,665.11,0.0,False
2026-06-10,665.11,598.6,13.0,1.34,2026-07-10,693.86,0.0,False
2026-07-10,693.86,624.47,15.3,6.72,2026-08-10,710.65,0.0,False
2026-08-10,710.65,639.59,13.1,1.51,2026-09-09,700.87,0.0,False
2026-09-09,700.87,630.78,11.9,0.48,2026-09-10,696.65,0.0,False
